Date;Super95;Diesel;Heizoel;Heizoel-II;Heizoel-III;LPG
26.06.23;1.724,62;1.572,63;1.053,04;699,13;538,56;708,63
19.06.23;1.725,76;1.555,44;1.049,65;703,58;553,15;712,28
12.06.23;1.729,09;1.552,28;1.046,34;688,93;553,54;717,69
05.06.23;1.715,95;1.539,89;1.038,93;696,23;549,51;723,13
29.05.23;1.719,03;1.540,55;1.048,49;697,58;544,09;723,61
22.05.23;1.705,46;1.535,32;1.045,63;686,37;543,19;729,15
15.05.23;1.703,43;1.535,76;1.043,86;688,42;512,07;735,16
08.05.23;1.709,49;1.550,23;1.026,45;701,33;520,41;739,10
01.05.23;1.732,90;1.583,35;1.034,12;708,54;558,59;738,61
24.04.23;1.744,21;1.612,36;1.095,41;710,80;555,80;743,69
17.04.23;1.770,25;1.645,51;1.139,66;698,16;581,91;751,43
10.04.23;1.762,71;1.651,80;1.142,62;704,33;575,06;753,69
03.04.23;1.738,57;1.646,72;1.135,66;695,02;576,21;757,09
27.03.23;1.724,29;1.664,36;1.142,25;685,79;613,13;757,46
20.03.23;1.711,66;1.669,48;1.145,62;694,47;610,75;760,63
13.03.23;1.733,00;1.695,54;1.175,23;710,17;612,01;765,14
06.03.23;1.731,77;1.700,56;1.189,49;716,95;610,19;768,11
27.02.23;1.723,70;1.693,55;1.164,74;707,07;609,31;770,35
20.02.23;1.727,79;1.713,16;1.187,44;716,19;605,92;767,53
13.02.23;1.724,58;1.724,50;1.187,74;729,20;600,56;763,44
06.02.23;1.727,91;1.761,45;1.221,48;704,77;608,47;764,30
30.01.23;1.745,38;1.801,60;1.287,08;703,75;651,82;765,58
23.01.23;1.720,14;1.787,19;1.282,06;701,54;651,69;761,97
16.01.23;1.697,03;1.771,85;1.272,54;706,72;654,07;761,37
09.01.23;1.690,64;1.773,43;1.266,00;703,47;673,04;759,64
02.01.23;1.668,30;1.759,17;1.285,21;711,66;675,13;750,34
26.12.22;1.630,12;1.720,53;1.272,44;717,44;680,60;734,43
19.12.22;1.633,42;1.725,89;1.289,85;705,45;674,57;728,46
12.12.22;1.648,76;1.728,63;1.217,32;712,66;697,80;735,20
05.12.22;1.689,94;1.781,54;1.313,43;754,33;697,42;734,30
28.11.22;1.703,88;1.806,52;1.329,95;750,07;713,72;734,72
21.11.22;1.738,77;1.851,23;1.392,04;773,63;727,80;738,64
14.11.22;1.781,84;1.887,51;1.466,80;806,47;730,46;742,89
07.11.22;1.797,14;1.935,40;1.521,02;807,46;730,96;745,38
31.10.22;1.785,16;1.958,29;1.548,21;805,62;727,65;746,34
24.10.22;1.793,32;1.969,59;1.593,78;811,20;683,94;745,12
17.10.22;1.816,30;1.966,45;1.616,60;787,37;649,25;749,32
10.10.22;1.783,32;1.896,52;1.576,40;810,33;642,67;746,34
03.10.22;1.731,12;1.809,19;1.478,23;793,21;646,96;750,26
26.09.22;1.722,69;1.802,55;1.481,80;772,81;688,10;757,09
19.09.22;1.746,03;1.832,77;1.467,67;789,10;695,87;755,77
12.09.22;1.773,50;1.889,94;1.498,42;800,63;697,20;760,95
05.09.22;1.806,05;1.904,74;1.557,59;802,11;691,58;759,01
29.08.22;1.772,75;1.907,99;1.553,26;823,63;690,31;758,96
22.08.22;1.757,29;1.823,56;1.478,63;805,47;687,65;763,59
15.08.22;1.768,45;1.801,49;1.400,84;813,89;617,94;772,35
08.08.22;1.795,19;1.829,31;1.456,65;816,72;615,60;777,32
01.08.22;1.851,47;1.876,67;1.494,30;831,43;576,69;785,05
25.07.22;1.875,78;1.900,09;1.507,54;820,50;563,67;792,88
18.07.22;1.925,47;1.934,82;1.537,56;811,01;555,97;795,91
11.07.22;1.957,23;1.951,40;1.502,12;834,93;569,45;797,92
04.07.22;1.990,90;1.996,63;1.546,78;847,29;579,51;809,39
27.06.22;2.013,24;2.035,24;1.622,32;853,53;596,93;816,07
20.06.22;2.032,92;2.029,97;1.611,40;858,17;588,08;823,27
13.06.22;2.035,90;1.983,44;1.601,53;854,37;573,54;826,88
06.06.22;2.011,47;1.906,63;1.508,48;840,68;580,33;837,77
30.05.22;1.996,58;1.853,53;1.386,68;832,57;579,76;841,75
23.05.22;1.967,86;1.853,71;1.372,85;821,75;568,93;843,31
16.05.22;1.926,28;1.875,69;1.415,19;823,91;563,49;843,90
09.05.22;1.889,22;1.902,87;1.481,87;832,85;559,92;844,17
02.05.22;1.855,81;1.878,38;1.452,21;830,71;561,47;848,30
25.04.22;1.837,30;1.857,33;1.423,16;825,64;566,71;844,92
11.04.22;1.828,92;1.825,70;1.363,43;778,42;603,53;844,65
04.04.22;1.857,91;1.879,54;1.428,87;798,91;620,87;847,53
28.03.22;1.908,01;1.957,76;1.557,21;796,09;610,67;852,57
21.03.22;1.937,76;1.937,66;1.508,84;803,62;613,42;861,35
14.03.22;2.007,93;2.025,52;1.728,02;835,02;645,48;848,96
07.03.22;1.852,54;1.789,65;1.346,73;774,90;520,17;767,51
28.02.22;1.740,30;1.630,92;1.108,29;719,00;479,99;720,83
21.02.22;1.701,50;1.590,94;1.073,16;709,26;487,42;721,90
14.02.22;1.691,89;1.583,32;1.059,94;701,70;484,42;723,65
07.02.22;1.677,20;1.571,31;1.069,62;681,86;474,10;725,39
31.01.22;1.672,57;1.567,09;1.031,77;670,12;442,35;758,13
24.01.22;1.652,61;1.547,22;1.021,69;663,76;435,33;759,61
17.01.22;1.637,51;1.527,66;993,24;646,93;433,18;761,69
10.01.22;1.628,04;1.510,88;970,13;618,44;424,96;765,34
03.01.22;1.618,23;1.488,38;945,55;626,26;420,04;761,58
20.12.21;1.594,00;1.470,18;916,77;625,61;416,26;762,86
13.12.21;1.600,88;1.476,13;915,39;623,83;427,08;778,39
06.12.21;1.604,84;1.483,55;896,06;626,10;424,75;783,53
29.11.21;1.631,78;1.497,98;953,31;649,02;420,71;781,68
22.11.21;1.645,83;1.502,93;960,20;645,82;420,36;781,25
15.11.21;1.653,94;1.509,49;976,45;649,63;422,48;778,38
08.11.21;1.653,75;1.510,33;968,63;636,01;431,06;771,25
01.11.21;1.643,29;1.507,96;976,40;640,99;428,69;765,96
25.10.21;1.633,45;1.501,01;980,41;644,13;473,29;761,11
18.10.21;1.625,54;1.493,39;963,51;637,75;432,69;755,08
11.10.21;1.603,32;1.466,69;898,46;625,82;426,49;732,18
04.10.21;1.575,23;1.432,14;856,03;613,25;411,93;699,83
27.09.21;1.554,26;1.403,51;828,39;597,93;399,76;678,88
20.09.21;1.554,35;1.390,83;811,95;587,66;399,41;673,07
13.09.21;1.549,74;1.380,97;794,69;586,27;388,40;671,47
06.09.21;1.543,60;1.374,43;797,36;578,98;390,90;667,31
30.08.21;1.536,27;1.368,00;785,26;573,66;386,29;663,12
23.08.21;1.532,29;1.362,32;770,05;564,46;384,79;654,30
16.08.21;1.541,99;1.370,12;781,32;577,08;386,49;653,70
09.08.21;1.543,48;1.372,87;783,86;569,57;386,56;645,80
02.08.21;1.542,28;1.373,43;791,26;577,30;383,06;644,78
26.07.21;1.533,48;1.368,83;776,62;575,15;380,51;644,50
19.07.21;1.534,32;1.371,06;797,14;586,58;380,53;622,97
12.07.21;1.526,07;1.367,94;791,99;576,53;383,22;612,66
05.07.21;1.518,70;1.364,13;787,31;573,98;368,59;605,08
28.06.21;1.508,73;1.358,46;785,69;562,64;368,51;599,62
21.06.21;1.489,86;1.343,98;774,34;550,13;359,85;594,90
14.06.21;1.482,65;1.335,00;763,86;549,69;361,17;594,71
07.06.21;1.471,30;1.328,44;756,96;541,98;364,88;602,81
31.05.21;1.471,20;1.319,16;745,63;532,35;363,40;602,36
24.05.21;1.470,71;1.319,47;741,88;537,78;363,45;604,40
17.05.21;1.470,29;1.315,63;744,91;537,78;359,12;602,91
10.05.21;1.468,92;1.312,69;746,72;550,56;357,63;595,74
03.05.21;1.455,18;1.299,34;764,43;534,60;358,46;616,10
26.04.21;1.452,61;1.296,75;760,32;534,93;358,07;615,40
19.04.21;1.451,60;1.295,16;758,87;539,93;358,79;618,37
12.04.21;1.446,68;1.294,04;750,29;532,52;360,47;621,69
29.03.21;1.439,71;1.294,97;749,04;528,01;355,76;617,04
22.03.21;1.441,88;1.302,29;767,89;539,01;361,40;619,27
15.03.21;1.440,62;1.301,59;777,28;542,50;350,62;616,61
08.03.21;1.419,32;1.285,71;756,34;534,95;360,69;605,60
01.03.21;1.402,42;1.279,19;759,25;558,23;366,20;604,22
22.02.21;1.389,06;1.267,14;756,57;546,32;338,04;599,68
15.02.21;1.368,84;1.249,82;734,86;552,58;321,99;590,19
08.02.21;1.359,03;1.232,92;713,69;533,60;311,28;581,10
01.02.21;1.343,65;1.219,11;695,50;528,70;309,64;578,76
25.01.21;1.341,00;1.216,79;695,24;526,92;290,89;569,09
18.01.21;1.334,72;1.211,93;698,03;511,67;279,33;563,31
11.01.21;1.317,40;1.196,99;683,17;454,08;279,87;554,22
21.12.20;1.276,88;1.156,58;634,67;441,52;304,76;534,71
14.12.20;1.267,85;1.148,27;592,11;439,59;307,69;537,74
07.12.20;1.263,99;1.138,33;590,84;430,37;306,33;534,60
30.11.20;1.262,51;1.131,55;589,28;430,29;304,08;533,65
23.11.20;1.253,39;1.118,53;564,32;422,39;293,25;527,75
16.11.20;1.247,79;1.110,43;567,69;419,37;300,43;525,22
09.11.20;1.235,87;1.097,05;543,51;411,05;299,88;524,16
02.11.20;1.236,97;1.093,82;542,16;399,05;289,87;520,30
26.10.20;1.252,87;1.098,79;549,91;410,39;290,76;515,89
19.10.20;1.262,36;1.101,68;554,16;409,55;291,01;515,27
12.10.20;1.269,32;1.103,44;522,52;406,87;292,78;515,20
05.10.20;1.266,07;1.099,93;512,72;401,24;291,91;512,41
28.09.20;1.263,41;1.098,40;512,06;398,36;288,61;510,32
21.09.20;1.267,35;1.104,05;513,30;398,99;289,54;510,66
14.09.20;1.266,83;1.110,88;526,80;397,93;294,00;514,04
07.09.20;1.274,17;1.123,99;534,88;406,08;295,59;515,23
31.08.20;1.278,55;1.132,39;542,80;406,58;297,57;515,63
24.08.20;1.273,82;1.134,96;547,46;407,18;297,00;517,69
17.08.20;1.272,52;1.136,06;549,55;405,92;296,64;519,31
10.08.20;1.267,46;1.136,36;550,31;397,93;296,12;516,13
03.08.20;1.266,10;1.135,90;549,65;397,45;295,32;515,33
27.07.20;1.274,13;1.140,77;561,17;403,53;296,14;517,16
20.07.20;1.267,25;1.134,17;560,74;404,27;294,35;516,05
13.07.20;1.269,21;1.133,15;570,88;405,04;278,94;511,32
06.07.20;1.259,62;1.125,54;568,12;389,11;279,15;510,36
29.06.20;1.256,44;1.123,40;567,29;385,59;278,11;508,85
22.06.20;1.248,79;1.115,90;568,14;388,57;279,34;508,80
15.06.20;1.231,61;1.107,91;560,98;377,43;279,00;506,55
08.06.20;1.219,05;1.098,17;558,91;367,28;275,16;498,49
01.06.20;1.206,12;1.091,01;550,24;366,30;275,82;491,40
25.05.20;1.194,41;1.081,60;575,82;346,94;255,78;476,16
18.05.20;1.176,62;1.067,56;552,63;332,59;250,86;470,49
11.05.20;1.167,83;1.066,38;553,05;341,46;261,97;472,23
04.05.20;1.160,59;1.070,50;527,21;333,08;262,77;476,12
27.04.20;1.167,36;1.086,17;542,02;340,85;286,75;481,63
20.04.20;1.189,18;1.110,38;576,15;348,80;289,18;488,07
06.04.20;1.205,85;1.129,67;596,92;374,58;284,65;500,72
30.03.20;1.223,31;1.141,84;620,97;389,35;285,52;511,47
23.03.20;1.250,94;1.157,29;618,30;407,56;278,50;522,33
16.03.20;1.303,53;1.199,63;644,36;445,46;359,71;539,12
09.03.20;1.361,62;1.252,42;700,20;495,51;369,00;553,38
02.03.20;1.382,65;1.274,18;710,40;520,29;376,25;560,71
24.02.20;1.405,09;1.292,20;747,49;536,81;377,54;568,41
17.02.20;1.400,02;1.293,80;742,64;545,37;390,61;575,45
10.02.20;1.398,52;1.297,25;732,63;550,76;404,17;580,27
03.02.20;1.404,38;1.310,95;753,26;563,73;405,34;585,92
27.01.20;1.414,60;1.330,68;776,23;581,90;410,08;590,64
20.01.20;1.421,99;1.344,29;794,60;592,73;417,28;593,42
13.01.20;1.427,00;1.357,23;825,43;606,76;414,13;594,49
06.01.20;1.431,22;1.358,66;824,80;592,62;315,00;588,05
16.12.19;1.404,94;1.321,73;811,47;541,73;265,40;583,96
09.12.19;1.408,09;1.317,33;805,33;528,89;249,15;576,86
02.12.19;1.411,75;1.316,83;814,95;517,50;232,76;570,29
25.11.19;1.408,85;1.312,80;796,19;512,99;237,16;559,81
18.11.19;1.405,79;1.312,88;799,29;515,60;238,94;553,01
11.11.19;1.407,70;1.312,20;806,27;519,40;250,72;543,61
04.11.19;1.403,11;1.312,47;806,72;513,74;251,32;541,50
28.10.19;1.398,65;1.311,19;806,81;513,74;256,13;537,38
21.10.19;1.400,85;1.311,94;805,56;510,03;262,70;536,77
14.10.19;1.407,59;1.313,59;796,56;514,55;305,03;534,93
07.10.19;1.414,02;1.316,29;801,33;510,35;298,25;533,87
30.09.19;1.416,96;1.324,08;813,66;522,67;371,29;529,97
23.09.19;1.419,58;1.324,55;823,20;522,27;369,30;528,90
16.09.19;1.403,34;1.305,74;798,26;500,04;316,82;530,50
09.09.19;1.403,25;1.297,07;783,65;495,39;302,22;530,17
02.09.19;1.403,01;1.290,36;779,06;503,49;306,07;529,74
26.08.19;1.408,93;1.291,74;781,34;504,96;297,99;531,57
19.08.19;1.416,10;1.293,63;782,88;501,18;290,31;535,06
12.08.19;1.422,81;1.294,90;767,64;510,46;312,58;537,27
05.08.19;1.443,31;1.311,63;799,82;527,28;368,88;543,69
29.07.19;1.443,48;1.309,67;795,05;525,33;360,04;549,66
22.07.19;1.442,41;1.310,95;786,58;523,02;378,23;554,11
15.07.19;1.451,60;1.311,07;793,09;532,03;394,70;556,00
08.07.19;1.439,03;1.302,89;779,15;523,11;370,82;559,78
01.07.19;1.440,82;1.307,64;790,18;522,27;375,66;564,88
24.06.19;1.439,25;1.303,79;777,21;515,86;355,89;566,70
17.06.19;1.445,54;1.304,59;769,33;515,36;352,70;570,38
10.06.19;1.460,51;1.317,88;773,57;523,68;362,90;575,45
03.06.19;1.491,91;1.346,58;823,26;531,00;382,32;580,33
27.05.19;1.496,15;1.355,24;836,21;534,57;388,14;582,22
20.05.19;1.489,42;1.355,84;838,77;536,33;393,30;582,80
13.05.19;1.478,81;1.350,85;828,86;534,55;390,69;578,95
06.05.19;1.485,31;1.355,81;831,68;535,82;409,32;579,21
29.04.19;1.478,03;1.352,60;848,85;534,92;418,16;581,56
15.04.19;1.456,31;1.338,27;833,28;528,47;405,56;576,77
08.04.19;1.433,08;1.327,63;826,53;526,60;403,72;577,30
01.04.19;1.410,33;1.321,18;819,81;521,53;393,03;575,41
25.03.19;1.391,80;1.326,51;816,61;522,79;389,96;576,53
18.03.19;1.372,37;1.327,07;822,75;526,30;389,45;574,23
11.03.19;1.369,63;1.328,35;825,22;517,58;390,12;570,36
04.03.19;1.361,61;1.323,42;824,63;512,63;390,68;567,36
25.02.19;1.353,49;1.316,34;822,18;503,73;387,08;566,56
18.02.19;1.347,10;1.303,89;807,58;505,80;361,98;569,54
11.02.19;1.334,54;1.293,38;796,23;491,07;349,14;571,97
04.02.19;1.333,77;1.291,12;793,55;488,72;351,37;574,29
28.01.19;1.332,99;1.288,42;791,29;482,56;332,52;576,77
21.01.19;1.333,97;1.284,91;789,74;478,56;331,72;577,33
14.01.19;1.332,43;1.273,44;783,91;489,52;310,44;578,34
07.01.19;1.328,17;1.265,88;779,57;478,30;309,33;583,63
17.12.18;1.367,66;1.310,48;804,72;495,83;358,79;595,19
10.12.18;1.381,10;1.324,65;824,11;508,88;357,97;603,08
03.12.18;1.399,99;1.343,97;833,79;509,81;399,91;617,47
26.11.18;1.425,16;1.368,71;870,71;521,27;399,36;624,76
19.11.18;1.447,00;1.387,72;903,90;545,62;425,59;627,73
12.11.18;1.465,03;1.402,99;933,51;552,95;429,02;635,08
05.11.18;1.480,52;1.412,13;947,70;557,64;434,29;639,07
29.10.18;1.481,86;1.405,80;936,84;564,92;433,70;637,23
22.10.18;1.480,71;1.399,51;917,71;566,39;427,37;632,45
15.10.18;1.486,07;1.401,27;926,70;572,87;427,02;630,89
08.10.18;1.492,62;1.392,59;916,00;568,44;397,97;623,63
01.10.18;1.478,25;1.364,66;875,16;537,48;400,22;617,63
24.09.18;1.478,33;1.357,64;862,03;535,36;394,12;610,55
17.09.18;1.483,08;1.361,20;870,95;540,29;394,46;605,43
10.09.18;1.483,01;1.360,24;867,56;535,72;388,82;600,01
03.09.18;1.475,28;1.346,08;846,01;526,54;390,58;596,67
27.08.18;1.471,18;1.338,81;827,41;525,52;395,88;596,85
20.08.18;1.465,99;1.334,54;822,96;530,85;393,04;595,55
13.08.18;1.465,89;1.330,85;821,81;530,25;394,09;597,79
06.08.18;1.468,20;1.331,19;810,22;528,94;396,23;600,60
30.07.18;1.459,82;1.327,93;815,37;538,53;409,84;600,37
23.07.18;1.450,34;1.323,65;797,39;536,80;406,19;598,17
16.07.18;1.457,28;1.332,65;816,74;542,67;395,07;596,08
09.07.18;1.457,71;1.333,60;817,70;541,35;393,26;586,93
02.07.18;1.453,09;1.328,80;810,06;524,45;378,20;572,77
25.06.18;1.448,47;1.328,12;809,95;529,59;382,62;573,77
18.06.18;1.457,03;1.336,54;814,11;527,61;398,05;572,17
11.06.18;1.463,90;1.341,69;821,83;532,53;399,94;572,29
04.06.18;1.473,66;1.352,20;829,75;516,32;383,87;572,49
28.05.18;1.472,17;1.349,43;838,93;528,35;381,99;572,10
21.05.18;1.461,50;1.335,60;824,55;519,32;343,29;572,59
14.05.18;1.439,20;1.314,13;807,79;498,58;346,86;570,63
07.05.18;1.418,90;1.295,70;784,71;477,48;328,43;561,78
30.04.18;1.412,23;1.288,99;789,12;473,24;330,27;560,16
23.04.18;1.399,78;1.276,68;776,65;470,38;322,63;559,61
16.04.18;1.392,62;1.269,00;773,52;465,36;324,49;560,76
09.04.18;1.380,01;1.256,55;761,77;457,19;319,71;558,72
26.03.18;1.352,82;1.243,72;752,66;455,14;309,57;561,14
19.03.18;1.346,12;1.232,24;733,51;453,31;310,45;560,51
12.03.18;1.345,77;1.232,22;734,00;454,37;309,73;559,92
05.03.18;1.355,43;1.238,79;747,12;451,43;310,09;562,87
26.02.18;1.357,08;1.236,51;739,89;456,74;320,34;566,33
19.02.18;1.358,67;1.235,14;721,57;451,56;322,30;568,69
12.02.18;1.374,56;1.251,56;749,27;460,77;329,80;574,43
05.02.18;1.386,88;1.263,23;759,51;471,26;331,14;580,53
29.01.18;1.387,78;1.265,16;766,63;482,47;337,46;584,52
22.01.18;1.380,51;1.263,59;766,04;482,76;335,43;583,67
15.01.18;1.380,19;1.264,41;773,28;481,09;332,55;584,81
08.01.18;1.381,16;1.264,44;765,75;477,42;332,69;586,12
01.01.18;1.374,82;1.240,21;752,89;450,17;320,45;586,67
18.12.17;1.360,99;1.226,63;739,69;448,56;444,15;584,15
11.12.17;1.355,75;1.219,70;726,63;444,93;445,51;581,58
04.12.17;1.363,52;1.224,85;731,65;442,00;450,21;580,48
27.11.17;1.367,30;1.225,84;735,73;454,19;455,01;580,10
20.11.17;1.367,90;1.225,97;727,12;454,10;466,18;580,67
13.11.17;1.368,24;1.220,07;734,76;460,90;451,05;580,32
06.11.17;1.367,52;1.217,04;716,80;438,08;431,87;577,38
30.10.17;1.349,43;1.204,55;700,32;434,02;429,80;571,94
23.10.17;1.341,58;1.201,15;699,98;433,19;425,03;572,39
16.10.17;1.342,06;1.198,18;693,46;429,67;421,89;567,81
09.10.17;1.344,92;1.201,90;689,47;430,69;424,53;561,31
02.10.17;1.348,53;1.201,58;700,34;422,63;419,46;559,29
25.09.17;1.351,59;1.189,23;681,34;423,20;416,81;561,00
18.09.17;1.354,92;1.181,26;674,12;418,74;411,72;558,73
11.09.17;1.362,05;1.179,13;670,19;410,54;404,89;554,26
04.09.17;1.350,42;1.164,63;650,33;402,55;403,64;543,01
28.08.17;1.330,12;1.158,33;641,56;410,35;403,46;535,06
21.08.17;1.325,56;1.157,99;643,43;412,33;408,57;528,72
14.08.17;1.328,72;1.162,59;647,84;413,53;407,29;524,67
07.08.17;1.326,59;1.161,27;648,57;411,01;402,64;523,89
31.07.17;1.319,58;1.148,51;637,92;405,27;401,53;522,04
24.07.17;1.317,40;1.145,82;634,81;408,97;397,91;514,22
17.07.17;1.316,09;1.143,19;632,85;408,72;402,75;515,94
10.07.17;1.314,20;1.141,71;639,46;415,33;400,96;517,28
03.07.17;1.311,98;1.133,38;624,64;404,42;398,47;518,77
26.06.17;1.313,81;1.135,26;621,46;416,12;403,49;521,65
19.06.17;1.324,02;1.143,81;630,49;415,99;412,29;527,35
12.06.17;1.333,92;1.153,07;631,69;422,53;409,80;530,97
05.06.17;1.346,72;1.172,46;656,03;423,23;417,51;535,27
29.05.17;1.351,68;1.179,07;669,52;432,40;415,91;538,78
22.05.17;1.350,38;1.176,54;660,91;428,76;406,43;542,40
15.05.17;1.349,18;1.174,18;655,51;425,33;406,48;546,53
08.05.17;1.352,94;1.183,59;660,18;435,92;437,01;551,97
01.05.17;1.371,54;1.200,56;690,14;427,42;422,74;556,57
24.04.17;1.384,07;1.213,92;707,36;444,25;446,24;557,16
10.04.17;1.373,61;1.202,97;704,24;440,63;418,78;561,84
03.04.17;1.355,71;1.188,69;684,15;427,09;411,85;563,02
27.03.17;1.343,25;1.186,75;680,27;431,37;422,25;563,45
20.03.17;1.349,85;1.197,62;690,34;438,25;437,70;566,27
13.03.17;1.365,98;1.212,96;716,72;447,19;443,40;566,99
06.03.17;1.377,71;1.220,94;727,50;449,89;442,06;570,02
27.02.17;1.385,18;1.222,93;727,54;455,24;439,39;572,67
20.02.17;1.386,35;1.220,98;724,87;455,69;441,17;568,30
13.02.17;1.382,96;1.219,76;722,31;466,75;447,01;564,13
06.02.17;1.379,03;1.218,51;720,41;459,78;452,51;558,33
30.01.17;1.375,57;1.216,59;719,74;469,08;458,67;549,17
23.01.17;1.373,11;1.215,47;719,11;476,71;465,42;549,24
16.01.17;1.374,44;1.220,67;722,74;476,73;464,65;549,02
09.01.17;1.377,26;1.227,14;730,21;467,31;450,34;546,36
02.01.17;1.367,36;1.212,46;727,34;437,51;427,35;540,53
19.12.16;1.350,18;1.194,17;707,26;423,13;414,65;541,18
12.12.16;1.335,80;1.177,05;689,79;415,81;400,53;540,81
05.12.16;1.321,75;1.160,19;673,13;406,28;394,88;538,21
28.11.16;1.306,30;1.147,55;665,81;402,22;369,18;532,78
21.11.16;1.293,06;1.130,89;642,32;381,36;369,82;527,19
14.11.16;1.296,19;1.131,59;635,87;387,66;368,56;515,84
07.11.16;1.310,88;1.146,72;650,44;388,12;391,23;512,64
31.10.16;1.319,15;1.157,87;674,23;401,73;404,24;509,97
24.10.16;1.319,75;1.156,30;677,13;404,08;401,26;510,26
17.10.16;1.317,92;1.152,33;671,95;400,47;386,27;508,53
10.10.16;1.314,63;1.139,37;646,98;387,92;364,90;509,28
03.10.16;1.299,59;1.120,64;614,48;373,95;365,32;504,59
26.09.16;1.293,99;1.113,69;609,54;376,14;365,17;499,51
19.09.16;1.294,88;1.111,54;606,37;371,25;371,00;499,31
12.09.16;1.296,68;1.115,94;609,86;379,70;370,19;495,18
05.09.16;1.284,93;1.111,28;617,53;372,48;367,89;493,55
29.08.16;1.294,15;1.119,08;623,74;373,78;361,09;493,23
22.08.16;1.285,23;1.108,63;614,17;365,27;348,36;489,30
15.08.16;1.270,94;1.090,34;590,33;354,27;338,54;488,46
08.08.16;1.266,95;1.083,59;566,22;350,03;345,18;480,90
01.08.16;1.272,05;1.093,40;586,05;358,79;353,90;473,25
25.07.16;1.283,86;1.109,26;602,95;369,81;353,85;471,61
18.07.16;1.289,51;1.113,92;608,45;367,72;355,48;472,18
11.07.16;1.297,51;1.119,00;616,34;371,91;373,02;471,74
04.07.16;1.316,74;1.128,86;626,54;364,83;363,70;471,16
27.06.16;1.320,34;1.128,44;627,33;366,52;356,78;467,93
20.06.16;1.313,51;1.128,23;626,61;355,15;357,60;469,31
13.06.16;1.325,15;1.136,93;634,66;360,37;343,90;468,87
06.06.16;1.332,65;1.139,12;634,84;339,86;339,71;467,02
30.05.16;1.326,05;1.132,17;639,05;338,85;337,53;466,80
23.05.16;1.307,88;1.108,12;622,69;332,92;323,39;464,84
16.05.16;1.296,86;1.090,63;589,85;325,72;316,60;465,72
09.05.16;1.291,94;1.084,17;586,50;322,40;314,33;464,67
02.05.16;1.296,18;1.082,87;600,12;313,66;303,92;465,81
25.04.16;1.284,82;1.065,92;577,07;309,64;295,64;467,04
18.04.16;1.277,92;1.055,43;570,54;305,87;279,57;471,72
11.04.16;1.261,59;1.040,29;538,33;292,19;290,47;469,10
04.04.16;1.263,28;1.054,70;556,68;292,43;296,31;470,14
21.03.16;1.236,11;1.060,06;568,05;297,71;297,90;471,71
14.03.16;1.226,51;1.051,81;571,50;292,24;279,28;472,77
07.03.16;1.205,60;1.027,40;541,16;291,52;272,13;472,50
29.02.16;1.198,02;1.014,07;526,05;274,11;272,72;473,77
22.02.16;1.198,14;1.009,60;523,07;276,81;268,21;478,72
15.02.16;1.190,34;993,94;509,89;271,96;275,55;482,94
08.02.16;1.223,71;1.010,66;523,13;282,13;273,76;492,90
01.02.16;1.231,91;1.003,62;517,07;279,83;272,04;500,11
25.01.16;1.228,56;998,89;497,32;274,18;253,44;502,96
18.01.16;1.232,94;1.016,87;522,84;273,92;273,34;509,96
11.01.16;1.254,48;1.042,98;553,19;301,32;269,64;520,51
04.01.16;1.259,94;1.046,68;558,20;306,40;269,73;529,82
14.12.15;1.272,80;1.084,87;582,86;317,66;300,71;537,88
07.12.15;1.292,68;1.116,85;619,16;333,77;311,05;540,92
30.11.15;1.299,29;1.129,99;643,47;339,18;311,63;539,90
23.11.15;1.295,67;1.131,58;643,54;338,76;310,27;542,03
16.11.15;1.306,33;1.141,05;659,49;345,31;317,58;540,81
09.11.15;1.304,12;1.140,21;666,42;353,08;325,73;540,01
02.11.15;1.288,61;1.127,31;644,37;351,48;319,94;534,20
26.10.15;1.284,11;1.123,73;640,59;348,58;325,06;530,04
19.10.15;1.295,12;1.133,41;646,35;347,92;333,12;531,37
12.10.15;1.311,14;1.147,50;667,32;357,58;318,54;526,83
05.10.15;1.305,05;1.139,06;650,42;344,21;318,41;521,84
28.09.15;1.311,85;1.139,64;658,11;343,97;329,99;521,56
21.09.15;1.326,08;1.146,64;652,67;348,31;332,95;522,79
14.09.15;1.338,12;1.155,88;668,96;356,88;346,71;524,88
07.09.15;1.338,27;1.148,58;663,97;361,69;318,72;527,51
31.08.15;1.334,78;1.134,10;629,62;347,34;343,04;533,84
24.08.15;1.368,62;1.157,51;659,25;370,32;357,53;537,79
17.08.15;1.401,27;1.172,05;668,17;381,10;372,43;543,39
10.08.15;1.419,39;1.181,86;671,87;392,85;373,61;545,43
03.08.15;1.435,50;1.195,18;680,42;409,91;399,83;549,77
27.07.15;1.449,86;1.212,00;698,85;421,73;407,23;550,34
20.07.15;1.461,26;1.224,07;713,03;426,71;411,31;549,44
13.07.15;1.473,30;1.234,06;712,47;436,06;426,75;546,30
06.07.15;1.461,23;1.243,02;739,52;441,49;425,12;542,10
29.06.15;1.456,90;1.247,56;742,95;443,59;425,55;543,30
22.06.15;1.464,75;1.252,81;743,65;442,71;430,67;549,07
15.06.15;1.459,90;1.256,09;750,90;448,52;430,95;553,20
08.06.15;1.450,70;1.261,82;751,38;449,33;432,51;559,84
01.06.15;1.448,29;1.265,66;764,71;450,46;433,15;565,98
25.05.15;1.449,41;1.269,25;764,99;455,28;441,54;570,05
18.05.15;1.447,21;1.268,84;763,61;460,02;447,30;573,00
11.05.15;1.450,26;1.271,15;773,46;459,26;439,64;574,72
04.05.15;1.448,69;1.266,04;734,69;469,01;439,25;579,20
27.04.15;1.440,68;1.261,40;761,24;457,05;428,58;581,62
20.04.15;1.424,72;1.247,35;756,44;446,75;416,96;584,13
13.04.15;1.405,05;1.226,45;732,81;428,12;410,10;585,77
30.03.15;1.401,18;1.229,21;727,91;428,90;405,92;583,98
23.03.15;1.391,68;1.230,74;727,71;428,83;414,52;578,47
16.03.15;1.394,39;1.246,62;752,41;432,55;419,93;572,20
09.03.15;1.382,15;1.246,98;756,95;426,98;413,92;564,28
02.03.15;1.361,33;1.240,22;749,17;429,13;414,98;556,86
23.02.15;1.344,46;1.227,65;749,09;423,55;404,21;556,17
16.02.15;1.331,24;1.207,54;734,25;416,08;385,91;561,87
09.02.15;1.307,81;1.180,13;714,79;403,07;359,40;568,09
02.02.15;1.271,38;1.145,65;668,50;395,61;352,42;575,26
26.01.15;1.265,33;1.138,51;657,00;378,58;348,00;578,62
19.01.15;1.263,76;1.138,34;645,54;379,77;354,74;581,90
12.01.15;1.281,44;1.160,03;666,99;387,62;368,04;595,23
05.01.15;1.308,83;1.184,78;706,25;408,03;387,92;606,96
15.12.14;1.359,98;1.227,64;734,56;460,80;427,81;636,59
08.12.14;1.393,90;1.256,95;764,03;483,35;459,43;647,69
01.12.14;1.427,70;1.283,42;797,93;498,42;459,12;655,83
24.11.14;1.445,72;1.300,70;809,18;508,26;470,55;655,33
17.11.14;1.457,14;1.316,66;829,77;517,48;477,27;657,16
10.11.14;1.465,70;1.321,45;831,92;533,46;456,80;664,52
03.11.14;1.470,16;1.321,10;833,92;542,99;488,38;671,89
27.10.14;1.472,77;1.320,53;832,20;544,35;504,56;673,17
20.10.14;1.480,35;1.322,47;833,37;548,32;527,88;673,34
13.10.14;1.526,95;1.352,58;863,32;579,23;543,78;677,72
06.10.14;1.536,23;1.364,55;886,47;593,28;542,82;680,32
29.09.14;1.535,94;1.365,98;884,17;596,10;543,94;681,70
22.09.14;1.540,49;1.370,98;893,01;594,16;546,15;684,81
15.09.14;1.545,56;1.376,75;899,13;596,08;547,88;684,62
08.09.14;1.547,48;1.377,39;901,07;602,93;545,41;688,95
01.09.14;1.545,38;1.379,02;899,25;593,47;539,06;691,42
25.08.14;1.538,18;1.371,22;892,91;590,79;540,53;693,37
18.08.14;1.542,77;1.378,93;899,53;590,52;540,47;693,18
11.08.14;1.548,36;1.383,27;902,75;595,59;543,49;691,92
04.08.14;1.553,64;1.379,42;905,61;600,25;544,03;691,59
28.07.14;1.562,45;1.379,41;897,97;604,04;547,79;688,16
21.07.14;1.565,82;1.378,83;893,78;606,58;556,32;683,72
14.07.14;1.576,06;1.384,34;894,62;614,97;563,12;681,50
07.07.14;1.579,53;1.393,45;907,71;618,06;565,32;679,72
30.06.14;1.580,40;1.398,55;922,29;629,28;564,41;673,88
23.06.14;1.576,91;1.395,40;919,54;627,38;560,72;672,64
16.06.14;1.564,64;1.383,61;902,78;629,15;559,07;673,75
09.06.14;1.556,37;1.378,82;894,12;627,18;559,24;675,27
02.06.14;1.551,03;1.387,48;906,23;624,52;560,32;674,07
26.05.14;1.549,27;1.389,06;908,45;627,39;550,90;675,14
19.05.14;1.543,06;1.381,20;904,38;618,21;543,82;675,12
12.05.14;1.547,56;1.379,99;893,06;609,13;548,39;679,89
05.05.14;1.549,92;1.384,55;902,29;608,06;546,84;683,44
28.04.14;1.559,54;1.390,89;907,03;614,57;549,05;684,85
14.04.14;1.540,96;1.379,92;898,25;621,50;555,08;687,36
07.04.14;1.534,07;1.379,32;898,07;630,26;554,51;689,88
31.03.14;1.526,08;1.376,19;901,87;622,00;556,80;686,91
24.03.14;1.512,22;1.369,09;893,91;622,22;555,03;689,19
17.03.14;1.514,29;1.375,46;896,41;618,91;557,35;690,20
10.03.14;1.520,57;1.387,39;910,25;622,27;554,20;697,52
03.03.14;1.527,21;1.392,64;915,84;617,53;554,96;703,39
24.02.14;1.527,70;1.395,98;920,81;625,34;554,71;708,78
17.02.14;1.525,63;1.393,58;918,80;625,44;549,09;709,86
10.02.14;1.517,02;1.392,14;915,01;615,03;544,05;713,80
03.02.14;1.515,05;1.390,54;916,09;610,58;534,21;719,81
27.01.14;1.514,97;1.390,68;916,10;604,54;534,61;722,89
20.01.14;1.514,09;1.389,05;910,28;601,38;542,00;731,49
13.01.14;1.519,22;1.393,93;914,09;600,73;548,66;736,67
06.01.14;1.526,86;1.405,07;934,48;606,90;561,74;739,51
16.12.13;1.522,90;1.401,69;922,62;622,35;513,21;739,95
09.12.13;1.531,36;1.411,20;935,32;630,39;511,84;730,45
02.12.13;1.533,32;1.409,55;934,10;627,26;507,84;710,69
25.11.13;1.530,39;1.400,72;918,49;621,72;504,24;705,53
18.11.13;1.523,01;1.394,53;912,34;617,51;506,36;702,92
11.11.13;1.510,50;1.389,86;914,93;612,92;506,11;699,88
04.11.13;1.521,01;1.395,24;922,56;615,03;510,70;698,85
28.10.13;1.527,91;1.401,55;921,18;619,05;516,25;698,67
21.10.13;1.540,29;1.413,60;935,70;624,57;518,21;699,31
14.10.13;1.541,33;1.415,46;937,04;625,02;522,75;693,83
07.10.13;1.543,42;1.415,37;930,40;623,35;521,43;689,72
30.09.13;1.553,24;1.421,89;929,08;632,78;526,31;686,32
23.09.13;1.565,26;1.432,18;942,87;640,21;527,32;687,59
16.09.13;1.585,89;1.448,45;962,89;645,21;533,36;691,42
09.09.13;1.602,38;1.447,62;975,77;647,15;518,56;684,21
02.09.13;1.605,68;1.442,74;971,53;643,04;515,85;680,25
26.08.13;1.589,67;1.426,19;942,84;638,26;517,74;677,69
19.08.13;1.586,68;1.419,29;937,09;639,75;519,18;672,68
12.08.13;1.583,02;1.417,44;924,29;628,93;530,56;668,26
05.08.13;1.592,45;1.421,84;929,24;635,55;533,58;666,20
29.07.13;1.591,41;1.420,90;937,72;637,91;532,71;664,26
22.07.13;1.604,07;1.431,71;942,71;643,24;527,03;665,82
15.07.13;1.587,27;1.421,02;950,11;640,65;513,02;661,53
08.07.13;1.564,01;1.403,29;930,04;635,33;505,32;657,32
01.07.13;1.556,83;1.394,68;913,97;635,12;502,63;652,94
24.06.13;1.559,13;1.393,76;914,43;631,23;502,46;652,09
17.06.13;1.561,55;1.390,08;905,84;639,06;515,09;657,27
10.06.13;1.564,98;1.392,13;910,88;639,98;511,13;658,78
03.06.13;1.569,15;1.398,73;923,03;640,78;507,34;661,99
27.05.13;1.573,26;1.403,96;922,51;639,82;511,22;670,45
20.05.13;1.566,56;1.403,06;915,41;643,33;512,76;673,92
13.05.13;1.552,34;1.389,44;916,35;637,33;512,48;678,76
06.05.13;1.552,80;1.377,68;910,08;627,89;507,02;687,55
29.04.13;1.558,26;1.386,92;915,76;630,06;517,65;695,15
22.04.13;1.561,46;1.391,90;900,09;629,58;522,09;700,00
15.04.13;1.584,68;1.419,92;937,73;642,30;538,37;704,11
08.04.13;1.606,15;1.442,36;971,97;651,64;531,73;714,99
01.04.13;1.613,21;1.421,81;955,24;750,47;522,94;668,31
25.03.13;1.600,02;1.437,29;953,02;653,44;524,92;721,86
18.03.13;1.585,90;1.440,41;963,64;660,13;529,24;724,69
11.03.13;1.595,98;1.442,14;967,19;664,53;535,54;732,12
04.03.13;1.614,12;1.455,57;980,74;668,33;542,15;739,98
25.02.13;1.623,09;1.463,79;991,76;676,37;542,91;745,83
18.02.13;1.624,04;1.470,66;995,71;682,59;527,35;746,02
11.02.13;1.609,30;1.460,17;982,22;668,87;528,82;749,69
04.02.13;1.596,33;1.450,55;973,10;655,64;521,67;750,43
28.01.13;1.577,81;1.446,45;967,26;652,22;517,75;749,24
21.01.13;1.568,67;1.442,03;965,80;642,26;510,77;753,51
14.01.13;1.578,06;1.449,11;969,60;649,05;516,44;759,54
07.01.13;1.567,38;1.441,86;958,65;642,45;513,46;761,70
17.12.12;1.550,50;1.426,39;966,81;629,04;516,64;761,75
10.12.12;1.557,60;1.441,07;976,31;629,37;524,06;761,89
03.12.12;1.570,45;1.456,38;992,31;636,45;527,81;762,79
26.11.12;1.584,05;1.460,98;1.005,31;647,20;522,75;762,60
19.11.12;1.575,85;1.457,27;995,92;649,34;518,31;759,12
12.11.12;1.569,31;1.459,96;1.009,95;651,91;522,04;755,66
05.11.12;1.575,88;1.467,40;1.017,70;656,25;531,21;750,28
29.10.12;1.590,87;1.475,10;1.015,33;661,96;534,83;747,65
22.10.12;1.622,46;1.490,64;1.030,94;668,29;545,21;751,49
15.10.12;1.648,59;1.494,44;1.049,50;682,68;554,82;750,97
08.10.12;1.654,56;1.495,13;1.026,82;682,83;564,38;749,73
01.10.12;1.647,65;1.481,99;1.019,98;690,69;579,81;740,96
24.09.12;1.657,57;1.481,52;1.011,38;701,74;580,15;737,91
17.09.12;1.676,27;1.503,55;1.032,95;713,77;580,81;739,17
10.09.12;1.699,01;1.515,06;1.036,60;715,15;580,68;728,32
03.09.12;1.681,58;1.504,39;1.036,14;712,62;562,75;713,61
27.08.12;1.693,02;1.519,50;1.044,61;715,64;570,99;716,87
20.08.12;1.688,70;1.512,79;1.036,58;714,06;564,43;715,31
13.08.12;1.647,34;1.489,53;1.012,76;704,11;561,80;710,14
06.08.12;1.622,59;1.463,67;991,78;683,60;561,47;704,29
30.07.12;1.602,35;1.457,79;995,51;677,90;539,28;694,78
23.07.12;1.609,13;1.454,65;997,54;675,96;511,41;690,73
16.07.12;1.588,25;1.426,50;971,79;656,65;506,32;694,13
09.07.12;1.580,20;1.412,90;958,74;648,84;505,77;691,19
02.07.12;1.547,86;1.382,20;924,95;631,40;517,16;694,46
25.06.12;1.546,73;1.383,45;927,01;632,71;532,59;700,90
18.06.12;1.567,11;1.402,63;938,55;647,40;535,00;710,62
11.06.12;1.576,70;1.408,11;939,86;658,78;541,97;717,31
04.06.12;1.590,95;1.423,81;969,90;676,31;530,00;718,85
28.05.12;1.599,23;1.436,99;975,52;681,60;536,33;725,05
21.05.12;1.595,04;1.441,90;981,05;684,68;542,12;727,85
14.05.12;1.603,73;1.446,88;986,99;692,66;554,55;733,53
07.05.12;1.633,36;1.473,47;1.011,19;706,87;569,01;750,26
30.04.12;1.648,44;1.468,05;992,02;711,04;574,86;755,93
23.04.12;1.664,83;1.479,42;991,37;717,21;570,63;754,86
16.04.12;1.678,51;1.490,10;995,90;725,17;573,82;759,03
02.04.12;1.666,28;1.491,23;1.003,25;723,77;585,93;763,47
26.03.12;1.650,84;1.498,25;1.012,56;722,62;581,51;764,51
19.03.12;1.645,80;1.499,77;1.023,40;728,12;579,00;767,40
12.03.12;1.630,75;1.489,98;1.005,26;719,29;580,40;765,70
05.03.12;1.618,06;1.482,69;1.001,78;703,07;578,56;757,87
27.02.12;1.607,95;1.482,52;1.015,68;701,55;568,96;746,10
20.02.12;1.599,93;1.477,36;1.015,19;695,88;567,24;744,57
13.02.12;1.576,68;1.460,14;1.002,66;683,87;563,51;734,31
06.02.12;1.560,16;1.439,68;966,47;669,31;587,47;722,00
30.01.12;1.554,40;1.437,57;958,47;665,66;585,22;707,74
23.01.12;1.554,24;1.450,23;973,24;671,59;564,13;706,08
16.01.12;1.545,08;1.455,51;989,18;675,00;532,30;699,95
09.01.12;1.537,17;1.435,08;968,09;659,91;506,51;690,04
19.12.11;1.487,36;1.398,11;948,74;637,66;503,22;683,47
12.12.11;1.480,34;1.398,12;959,07;636,45;491,96;678,73
05.12.11;1.469,91;1.390,06;966,92;631,15;499,61;681,97
28.11.11;1.460,10;1.383,98;964,67;627,63;493,47;681,62
21.11.11;1.474,58;1.402,29;977,92;640,49;493,41;684,66
14.11.11;1.476,35;1.388,71;960,88;641,06;493,62;685,88
07.11.11;1.482,85;1.380,59;946,43;624,50;495,35;686,93
31.10.11;1.489,20;1.378,36;943,13;620,68;494,92;686,83
24.10.11;1.490,46;1.373,81;940,59;623,75;493,02;686,49
17.10.11;1.497,53;1.361,34;922,89;625,26;501,58;691,54
10.10.11;1.484,91;1.350,06;938,72;614,19;501,52;688,82
03.10.11;1.482,81;1.348,38;937,09;613,84;488,08;682,36
26.09.11;1.491,86;1.347,46;950,91;620,76;477,82;673,42
19.09.11;1.509,33;1.350,55;947,78;622,34;463,05;669,09
12.09.11;1.509,94;1.343,83;944,69;621,51;459,23;661,78
05.09.11;1.490,85;1.336,06;939,79;615,43;460,24;662,32
29.08.11;1.476,22;1.323,48;924,75;603,77;462,67;662,04
22.08.11;1.471,44;1.319,92;917,36;604,74;470,10;662,30
08.08.11;1.494,62;1.344,42;940,25;620,11;492,03;670,21
01.08.11;1.520,25;1.365,67;946,68;634,09;500,45;672,51
25.07.11;1.514,16;1.361,49;956,89;639,52;477,72;672,15
18.07.11;1.506,81;1.349,25;955,97;633,38;462,98;669,18
11.07.11;1.486,72;1.336,50;918,87;622,53;473,72;672,10
04.07.11;1.468,68;1.318,38;902,36;614,65;476,57;674,95
27.06.11;1.462,55;1.318,90;903,24;608,86;469,32;672,97
20.06.11;1.490,32;1.347,37;939,67;618,29;468,96;676,17
13.06.11;1.490,65;1.343,28;923,65;611,42;468,52;681,38
06.06.11;1.500,69;1.335,62;926,06;608,65;461,64;684,50
30.05.11;1.495,57;1.328,19;911,08;608,11;458,92;690,65
23.05.11;1.507,59;1.337,04;908,07;604,10;466,51;694,75
16.05.11;1.514,74;1.332,70;920,33;608,73;480,77;699,64
09.05.11;1.519,88;1.347,06;938,45;611,06;479,74;697,90
02.05.11;1.545,13;1.382,49;964,55;627,27;492,89;700,67
18.04.11;1.548,74;1.382,99;937,26;644,46;479,46;696,95
11.04.11;1.540,72;1.380,54;945,61;633,96;474,02;694,49
04.04.11;1.521,51;1.365,62;930,66;613,80;462,32;690,35
28.03.11;1.504,38;1.362,98;931,86;617,41;463,18;692,22
21.03.11;1.493,14;1.363,35;926,44;609,04;454,82;690,90
14.03.11;1.512,94;1.365,02;932,72;605,60;452,58;697,85
07.03.11;1.476,80;1.353,85;928,83;589,99;436,89;701,15
28.02.11;1.460,62;1.332,61;898,61;582,09;429,31;702,62
21.02.11;1.430,94;1.308,37;876,28;559,90;414,90;704,51
14.02.11;1.429,08;1.305,18;862,01;551,19;412,96;704,11
07.02.11;1.422,84;1.295,57;854,91;540,76;419,40;709,48
31.01.11;1.418,94;1.276,86;834,34;530,53;405,13;708,02
24.01.11;1.431,37;1.283,62;844,31;532,96;415,40;714,71
17.01.11;1.440,47;1.287,90;843,28;528,85;413,94;712,58
10.01.11;1.424,66;1.265,36;824,34;514,36;407,71;706,34
03.01.11;1.414,25;1.256,26;825,69;509,69;397,54;699,02
20.12.10;1.399,51;1.237,32;805,92;509,81;404,09;687,01
13.12.10;1.394,34;1.230,01;800,00;502,30;373,80;681,60
06.12.10;1.381,72;1.212,36;789,63;502,52;384,10;658,54
29.11.10;1.353,49;1.190,84;764,58;487,75;380,06;633,11
22.11.10;1.340,68;1.183,30;753,94;482,64;384,84;634,39
15.11.10;1.342,72;1.185,71;767,48;487,11;372,61;631,11
08.11.10;1.336,02;1.176,14;747,37;481,24;369,16;626,01
25.10.10;1.337,96;1.168,47;742,41;476,09;373,83;620,18
18.10.10;1.325,10;1.162,12;746,45;475,11;373,67;617,95
11.10.10;1.325,16;1.161,87;772,56;478,40;373,87;614,94
04.10.10;1.307,73;1.151,39;763,28;476,93;378,55;609,85
27.09.10;1.309,26;1.152,27;760,06;481,67;379,34;610,33
20.09.10;1.328,66;1.161,66;769,39;486,69;379,62;604,63
13.09.10;1.326,17;1.151,94;763,26;490,43;381,48;598,37
06.09.10;1.314,46;1.144,72;749,30;483,51;383,11;594,79
30.08.10;1.310,43;1.140,59;743,50;487,67;385,15;593,53
23.08.10;1.325,85;1.144,83;746,21;487,66;389,35;588,93
16.08.10;1.323,30;1.144,54;749,74;493,55;387,44;589,48
09.08.10;1.331,47;1.158,75;765,57;496,23;388,93;590,84
02.08.10;1.324,31;1.144,23;742,13;490,26;385,00;591,35
26.07.10;1.325,59;1.144,33;744,48;491,99;381,91;588,28
19.07.10;1.321,75;1.145,65;752,78;490,53;370,06;581,86
12.07.10;1.328,85;1.150,67;751,84;487,09;371,26;585,96
05.07.10;1.330,82;1.157,58;760,84;481,45;367,97;583,46
28.06.10;1.352,37;1.176,36;779,69;492,15;374,75;584,75
21.06.10;1.353,58;1.175,76;784,63;490,84;384,19;585,27
14.06.10;1.347,97;1.166,55;773,54;488,42;365,58;580,04
07.06.10;1.340,45;1.156,92;761,23;482,97;357,26;574,90
31.05.10;1.337,47;1.150,71;752,64;479,15;372,55;581,20
24.05.10;1.329,77;1.148,96;754,15;484,34;373,89;581,35
17.05.10;1.355,89;1.172,15;783,52;501,08;373,17;585,58
10.05.10;1.359,62;1.173,97;759,22;495,76;372,48;583,84
03.05.10;1.367,99;1.178,53;759,70;499,92;371,87;587,86
26.04.10;1.361,39;1.163,44;744,51;491,05;377,57;588,44
19.04.10;1.353,03;1.158,73;741,46;487,34;367,05;589,07
12.04.10;1.351,68;1.156,00;744,91;483,37;369,50;593,33
29.03.10;1.346,98;1.134,46;714,29;468,19;363,08;597,84
22.03.10;1.327,20;1.121,29;711,60;464,76;370,60;596,62
15.03.10;1.331,11;1.121,70;703,00;463,89;372,89;599,34
08.03.10;1.301,95;1.101,33;692,18;464,01;367,75;601,98
01.03.10;1.280,20;1.092,51;688,31;457,39;362,31;598,71
22.02.10;1.261,45;1.071,61;672,07;457,87;352,33;594,04
15.02.10;1.248,87;1.055,50;657,61;448,98;344,15;589,67
08.02.10;1.251,39;1.061,06;658,11;443,98;346,81;580,82
01.02.10;1.250,89;1.060,08;648,41;442,49;353,31;579,59
25.01.10;1.253,66;1.067,70;659,21;444,72;355,91;576,46
18.01.10;1.261,11;1.079,35;670,50;445,65;358,60;577,42
11.01.10;1.270,21;1.080,70;681,00;450,66;335,25;564,94
04.01.10;1.231,93;1.053,03;659,90;436,74;332,67;555,45
21.12.09;1.202,13;1.026,46;629,35;416,16;344,63;539,22
14.12.09;1.204,60;1.025,25;618,76;410,34;348,69;538,94
07.12.09;1.221,15;1.034,21;624,41;416,71;349,39;542,04
30.11.09;1.215,09;1.028,15;623,51;417,27;357,50;537,18
23.11.09;1.224,38;1.036,55;634,25;417,98;358,39;539,84
16.11.09;1.221,87;1.036,90;633,97;416,10;354,46;539,69
09.11.09;1.226,33;1.043,25;640,38;416,75;351,58;531,10
02.11.09;1.228,28;1.043,08;642,20;412,92;350,06;519,74
26.10.09;1.215,29;1.035,88;647,02;411,15;351,99;514,67
19.10.09;1.200,63;1.022,86;623,05;397,06;345,67;513,58
12.10.09;1.181,15;1.001,50;623,68;392,60;337,23;505,10
05.10.09;1.191,20;1.004,22;622,99;393,17;342,06;499,59
28.09.09;1.182,99;996,74;613,49;393,87;335,31;498,32
21.09.09;1.203,55;1.008,27;622,99;400,22;332,10;500,88
14.09.09;1.209,42;1.007,15;623,12;399,04;330,85;499,78
07.09.09;1.222,79;1.022,85;626,38;398,19;342,55;506,40
31.08.09;1.227,16;1.031,84;640,17;407,26;349,64;506,30
24.08.09;1.240,18;1.037,18;651,14;410,66;345,98;508,17
17.08.09;1.246,86;1.039,00;649,84;404,05;343,01;503,53
10.08.09;1.240,65;1.031,84;644,56;398,65;333,04;505,00
03.08.09;1.229,12;1.020,30;626,68;386,95;332,94;502,65
27.07.09;1.207,87;1.005,91;618,64;387,61;323,75;498,84
20.07.09;1.184,35;980,37;600,79;373,33;311,89;491,69
13.07.09;1.187,93;988,55;595,40;372,31;313,30;487,64
06.07.09;1.211,84;1.012,55;623,22;379,32;321,81;489,47
29.06.09;1.220,75;1.020,15;630,94;379,94;316,73;480,89
22.06.09;1.237,40;1.024,84;641,17;381,10;321,18;464,26
15.06.09;1.228,71;1.011,42;624,35;379,24;310,09;458,11
08.06.09;1.203,49;989,62;601,99;363,79;305,16;449,23
01.06.09;1.191,74;967,42;578,02;354,30;285,78;445,71
25.05.09;1.183,07;963,06;575,42;349,39;289,95;445,98
18.05.09;1.161,19;965,81;579,39;344,73;266,19;448,19
11.05.09;1.150,18;963,41;561,18;341,00;259,18;450,29
04.05.09;1.115,02;956,11;536,79;327,38;249,74;451,11
27.04.09;1.119,84;953,47;541,78;324,08;245,23;446,02
20.04.09;1.115,25;954,69;557,08;326,57;239,87;453,12
06.04.09;1.110,64;955,67;557,32;311,20;233,43;457,23
30.03.09;1.096,68;945,86;561,30;309,81;228,05;451,32
23.03.09;1.073,49;924,91;530,99;303,25;222,30;458,71
16.03.09;1.071,07;920,61;517,20;303,41;225,11;469,56
09.03.09;1.066,77;921,48;522,01;300,63;220,92;467,35
02.03.09;1.059,73;926,12;532,68;301,06;221,28;470,72
23.02.09;1.060,05;934,57;533,49;300,28;221,77;481,64
16.02.09;1.072,02;954,88;564,81;306,32;227,63;479,88
09.02.09;1.073,57;966,23;573,23;305,79;233,16;490,25
02.02.09;1.060,74;962,85;580,92;301,99;212,61;486,14
26.01.09;1.052,34;962,69;585,51;309,56;199,67;492,90
19.01.09;1.050,08;971,98;600,24;299,11;199,41;494,27
12.01.09;1.038,10;975,59;603,04;302,69;193,37;509,59
05.01.09;998,21;938,88;545,92;281,99;190,03;507,77
15.12.08;1.027,04;982,61;579,91;304,84;210,96;534,83
08.12.08;1.058,35;1.024,01;606,71;325,25;214,36;559,96
01.12.08;1.072,33;1.051,43;644,93;334,07;223,36;576,87
24.11.08;1.085,71;1.071,81;667,89;345,79;233,59;585,77
17.11.08;1.125,78;1.106,05;710,96;354,34;260,00;604,50
10.11.08;1.153,55;1.131,74;753,30;371,45;295,79;623,11
03.11.08;1.185,73;1.141,17;761,85;391,85;305,25;632,78
27.10.08;1.201,48;1.157,20;771,29;395,34;317,90;619,56
20.10.08;1.221,49;1.177,27;772,60;404,90;344,29;641,94
13.10.08;1.285,03;1.226,59;846,20;437,37;386,76;646,26
06.10.08;1.329,09;1.265,85;904,75;461,72;413,11;654,57
29.09.08;1.343,20;1.272,27;911,32;469,83;415,95;667,25
22.09.08;1.355,25;1.273,42;883,35;470,37;422,56;676,26
15.09.08;1.377,26;1.291,60;906,39;499,00;453,83;667,63
08.09.08;1.377,22;1.301,64;915,21;516,64;453,91;657,41
01.09.08;1.390,76;1.317,18;934,43;532,83;467,44;667,69
25.08.08;1.392,37;1.319,61;930,35;530,07;460,90;669,33
18.08.08;1.378,73;1.316,85;918,53;528,06;451,93;667,55
11.08.08;1.392,24;1.341,40;923,95;533,68;463,88;673,33
04.08.08;1.396,78;1.368,62;964,17;544,56;469,18;677,90
28.07.08;1.411,62;1.389,59;978,76;545,76;474,11;680,14
21.07.08;1.440,53;1.423,22;1.012,22;567,71;493,87;672,44
14.07.08;1.460,09;1.433,22;1.020,09;575,40;481,01;661,28
07.07.08;1.468,82;1.431,26;1.033,23;563,79;474,25;651,15
30.06.08;1.453,96;1.419,89;1.005,42;532,54;442,63;642,93
23.06.08;1.442,59;1.410,49;1.013,33;519,38;437,30;639,11
16.06.08;1.438,89;1.414,79;1.028,98;516,93;427,39;636,53
09.06.08;1.425,39;1.400,17;973,93;497,13;405,98;633,16
02.06.08;1.421,67;1.409,98;1.003,56;496,09;408,41;633,98
26.05.08;1.412,17;1.404,14;1.003,45;485,37;406,14;631,51
19.05.08;1.401,08;1.379,76;978,85;473,82;386,21;633,70
12.05.08;1.372,11;1.330,65;924,84;465,73;381,47;631,53
05.05.08;1.355,89;1.304,10;889,53;449,52;368,53;625,30
28.04.08;1.346,67;1.290,57;876,54;450,78;364,32;622,28
21.04.08;1.332,17;1.272,93;862,42;445,49;358,92;624,33
14.04.08;1.322,65;1.259,37;852,18;438,31;362,09;622,82
07.04.08;1.310,72;1.233,96;815,57;428,93;353,62;612,08
31.03.08;1.306,62;1.235,16;814,23;427,68;353,18;607,25
17.03.08;1.320,46;1.254,58;834,04;429,50;353,12;611,95
10.03.08;1.316,65;1.235,30;823,49;428,16;353,64;612,96
03.03.08;1.316,39;1.216,39;806,87;424,45;353,22;617,74
25.02.08;1.315,64;1.210,77;811,91;427,64;348,30;620,16
18.02.08;1.301,43;1.190,03;786,69;428,82;342,31;618,02
11.02.08;1.271,80;1.159,83;745,90;408,24;336,82;613,90
04.02.08;1.280,83;1.161,97;751,46;415,23;345,77;618,99
28.01.08;1.271,99;1.154,39;745,72;417,45;340,33;614,86
21.01.08;1.276,31;1.162,27;753,03;420,35;340,07;613,32
14.01.08;1.298,01;1.181,57;771,71;435,40;347,12;617,78
07.01.08;1.306,86;1.194,28;788,18;451,55;354,47;618,37
17.12.07;1.282,69;1.180,94;770,25;426,63;299,27;639,31
10.12.07;1.275,46;1.186,79;763,69;422,12;300,45;644,77
03.12.07;1.290,80;1.203,68;788,70;424,86;323,65;641,11
26.11.07;1.303,50;1.206,28;792,89;431,32;324,74;630,94
19.11.07;1.303,64;1.193,26;774,79;427,75;317,63;628,30
12.11.07;1.308,70;1.189,61;776,36;426,81;316,74;622,05
05.11.07;1.280,07;1.147,69;745,50;415,01;304,55;617,35
29.10.07;1.263,60;1.130,30;724,74;401,04;300,24;617,49
22.10.07;1.257,11;1.120,02;711,02;393,98;287,64;606,56
15.10.07;1.244,10;1.103,03;720,78;386,54;284,37;603,01
08.10.07;1.244,79;1.100,44;718,10;381,73;280,52;599,07
01.10.07;1.255,00;1.109,83;725,91;379,56;312,06;595,19
24.09.07;1.258,35;1.110,55;730,02;380,60;311,10;593,83
17.09.07;1.253,42;1.098,56;722,54;376,47;308,74;589,69
10.09.07;1.252,36;1.083,52;704,90;372,89;305,95;585,22
03.09.07;1.240,49;1.070,12;690,94;369,53;298,34;579,26
27.08.07;1.234,92;1.066,79;684,26;368,08;296,28;575,41
20.08.07;1.239,92;1.070,45;689,50;376,13;302,27;569,53
13.08.07;1.243,83;1.071,59;685,90;378,73;302,43;557,34
06.08.07;1.256,61;1.080,45;698,82;381,68;313,48;560,42
30.07.07;1.260,74;1.074,30;694,47;381,27;305,70;558,58
23.07.07;1.275,78;1.076,49;694,65;380,24;302,33;560,94
16.07.07;1.291,16;1.080,40;697,28;374,48;312,36;563,29
09.07.07;1.279,79;1.069,25;688,86;370,19;296,17;570,76
02.07.07;1.277,28;1.069,58;684,51;363,21;287,74;560,52
25.06.07;1.288,25;1.072,87;684,90;357,87;283,92;554,31
18.06.07;1.282,07;1.065,57;678,05;354,03;274,89;549,76
11.06.07;1.276,49;1.054,14;672,88;356,22;272,51;540,57
04.06.07;1.286,22;1.056,53;666,30;355,49;272,97;538,24
28.05.07;1.288,23;1.053,52;672,13;356,37;278,11;529,91
21.05.07;1.278,42;1.050,61;666,26;349,39;274,07;531,47
14.05.07;1.269,02;1.047,89;659,79;345,66;276,95;533,72
07.05.07;1.263,64;1.048,15;664,37;350,24;278,68;533,28
30.04.07;1.256,11;1.049,50;637,98;343,65;277,23;532,57
23.04.07;1.236,83;1.045,85;633,83;338,38;270,77;538,63
16.04.07;1.226,46;1.043,05;642,49;336,42;267,80;534,93
02.04.07;1.209,93;1.034,89;630,08;328,70;260,48;526,67
26.03.07;1.186,77;1.015,45;607,42;316,56;246,56;528,21
19.03.07;1.185,35;1.016,09;609,17;315,27;245,72;530,96
12.03.07;1.186,19;1.021,75;616,03;316,18;243,06;529,96
05.03.07;1.179,82;1.017,38;614,05;314,04;239,09;528,84
26.02.07;1.147,40;1.002,41;602,53;308,22;230,53;531,10
19.02.07;1.137,33;998,47;599,09;308,78;238,98;531,54
12.02.07;1.136,31;998,39;605,37;309,33;234,36;531,27
05.02.07;1.128,04;990,69;596,55;305,09;228,48;535,40
29.01.07;1.118,05;983,44;589,21;298,76;221,61;532,19
22.01.07;1.116,12;983,34;576,37;296,81;221,59;542,22
15.01.07;1.125,27;990,34;588,29;304,61;232,91;543,59
08.01.07;1.144,71;1.007,98;599,11;307,61;230,12;546,24
18.12.06;1.137,28;1.014,63;612,98;323,22;256,68;565,80
11.12.06;1.136,39;1.016,70;617,04;321,51;255,53;570,30
04.12.06;1.134,65;1.016,78;623,41;326,40;268,55;574,24
27.11.06;1.127,28;1.012,49;613,78;326,20;261,33;579,01
20.11.06;1.132,69;1.015,67;619,08;328,31;264,94;583,10
13.11.06;1.131,33;1.014,44;625,91;329,61;271,25;581,84
06.11.06;1.124,09;1.012,94;620,56;330,42;264,77;580,01
30.10.06;1.129,73;1.019,40;635,30;334,36;273,51;574,84
23.10.06;1.133,18;1.025,24;639,53;332,76;273,05;570,40
16.10.06;1.140,28;1.027,07;640,73;333,25;277,56;563,50
09.10.06;1.140,60;1.021,65;657,34;329,41;267,07;559,90
02.10.06;1.147,25;1.025,06;665,14;337,98;272,83;566,90
25.09.06;1.153,15;1.030,54;662,73;338,99;271,41;576,39
18.09.06;1.178,21;1.052,71;673,74;353,48;285,24;569,94
11.09.06;1.195,63;1.070,43;701,92;362,03;288,32;577,08
04.09.06;1.224,25;1.088,98;718,43;369,81;288,22;566,55
28.08.06;1.247,44;1.094,14;717,52;376,79;298,15;567,20
21.08.06;1.270,75;1.097,64;713,42;380,70;302,93;566,43
14.08.06;1.298,30;1.105,14;724,82;387,69;319,48;569,02
07.08.06;1.307,83;1.104,10;720,85;387,83;314,78;563,28
31.07.06;1.307,18;1.099,39;708,27;383,16;315,67;552,94
24.07.06;1.309,58;1.103,99;711,77;380,42;315,36;544,30
17.07.06;1.297,17;1.097,91;716,18;381,38;316,46;539,14
10.07.06;1.283,26;1.091,18;711,12;374,38;304,29;534,87
03.07.06;1.273,06;1.088,18;708,15;372,35;306,05;534,51
26.06.06;1.254,94;1.077,02;700,11;370,07;298,72;530,57
19.06.06;1.254,31;1.077,66;699,90;369,83;302,21;532,57
12.06.06;1.265,73;1.085,19;701,86;372,11;303,37;538,16
05.06.06;1.257,07;1.083,55;701,09;377,59;311,91;540,01
29.05.06;1.248,48;1.075,42;701,60;377,66;308,05;543,74
22.05.06;1.258,80;1.084,81;698,86;375,95;305,79;543,77
15.05.06;1.261,44;1.091,27;713,65;379,27;314,30;548,09
08.05.06;1.269,76;1.099,54;711,77;380,76;315,76;556,04
01.05.06;1.271,79;1.102,66;695,94;387,51;319,67;555,95
24.04.06;1.261,30;1.095,11;699,66;389,55;320,57;557,97
10.04.06;1.218,12;1.064,39;669,54;382,53;312,37;554,96
03.04.06;1.214,12;1.063,42;670,69;382,50;304,16;567,62
27.03.06;1.185,58;1.053,99;658,35;381,82;303,65;574,57
20.03.06;1.185,39;1.057,93;660,65;384,72;302,84;578,49
13.03.06;1.168,38;1.051,17;653,41;383,02;299,24;578,71
06.03.06;1.164,55;1.046,36;660,33;391,30;305,41;590,35
27.02.06;1.158,47;1.037,83;645,42;391,67;298,24;593,93
20.02.06;1.158,56;1.035,47;642,55;389,76;303,68;596,53
13.02.06;1.172,59;1.042,93;647,82;390,83;303,23;596,86
06.02.06;1.184,47;1.050,84;657,89;388,19;301,33;594,30
30.01.06;1.180,26;1.045,43;653,56;380,97;297,84;595,97
23.01.06;1.176,71;1.038,61;644,50;378,52;297,66;592,38
16.01.06;1.178,16;1.036,63;635,80;371,31;297,44;594,33
09.01.06;1.172,69;1.040,03;639,84;370,48;297,76;592,55
19.12.05;1.153,86;1.024,43;638,00;369,71;294,00;582,89
12.12.05;1.144,77;1.021,20;631,88;365,25;294,97;585,28
05.12.05;1.141,43;1.015,03;628,76;367,57;294,62;584,40
28.11.05;1.151,46;1.024,85;630,28;365,54;296,52;581,69
21.11.05;1.149,77;1.026,33;636,89;368,87;296,05;574,90
14.11.05;1.167,72;1.042,48;643,50;368,55;294,08;570,67
07.11.05;1.176,81;1.058,05;650,86;377,96;293,75;568,46
24.10.05;1.213,13;1.084,83;676,80;379,88;294,85;570,18
17.10.05;1.237,32;1.093,34;691,66;384,54;297,36;565,38
10.10.05;1.257,63;1.096,13;714,62;381,33;296,00;555,64
03.10.05;1.266,81;1.093,03;727,60;385,20;296,51;536,95
26.09.05;1.251,33;1.077,90;718,52;382,14;298,63;527,38
19.09.05;1.247,93;1.067,92;702,18;370,16;297,09;523,23
12.09.05;1.277,59;1.084,60;712,98;358,89;296,68;515,34
05.09.05;1.285,85;1.093,41;737,30;363,27;295,77;505,40
29.08.05;1.213,89;1.061,95;698,72;350,31;280,97;494,45
22.08.05;1.216,06;1.058,68;678,18;347,40;275,19;494,33
15.08.05;1.198,36;1.037,38;650,30;336,83;271,71;485,99
08.08.05;1.192,96;1.033,60;641,73;334,44;268,32;485,98
01.08.05;1.185,54;1.030,44;640,67;337,45;265,87;475,61
25.07.05;1.182,64;1.032,55;638,38;335,82;266,69;473,80
18.07.05;1.179,34;1.037,81;654,21;337,58;266,25;480,41
11.07.05;1.176,57;1.040,79;663,63;335,98;272,63;477,76
04.07.05;1.163,27;1.028,18;631,76;329,16;263,32;480,17
27.06.05;1.153,70;1.020,84;629,39;329,04;259,35;476,49
20.06.05;1.145,00;1.013,55;625,53;320,52;254,45;474,12
13.06.05;1.133,60;999,52;608,52;307,68;233,01;476,65
06.06.05;1.120,56;979,78;594,17;308,64;232,15;471,12
30.05.05;1.100,77;957,28;560,39;304,88;231,12;468,05
23.05.05;1.103,32;958,48;553,54;304,26;230,94;465,38
16.05.05;1.112,01;964,88;560,33;303,18;230,57;465,30
09.05.05;1.118,72;973,99;568,24;296,38;230,11;468,88
02.05.05;1.126,83;981,74;576,06;305,97;229,36;463,06
25.04.05;1.123,43;984,23;559,98;307,47;229,89;466,45
18.04.05;1.121,22;987,07;563,29;303,62;229,01;468,05
11.04.05;1.130,62;993,51;584,29;307,94;228,28;471,22
04.04.05;1.103,59;971,71;572,75;297,86;225,62;475,12
21.03.05;1.077,40;961,95;561,15;287,07;210,59;475,66
14.03.05;1.080,71;956,17;554,62;281,36;206,16;481,88
07.03.05;1.067,73;941,34;553,90;274,74;205,71;486,66
28.02.05;1.058,98;923,79;526,72;269,18;201,57;484,73
21.02.05;1.053,09;906,69;501,93;261,44;197,32;481,76
14.02.05;1.050,71;903,49;497,08;260,46;197,77;489,45
07.02.05;1.055,29;907,27;497,52;262,91;191,08;491,14
31.01.05;1.047,13;909,60;506,27;258,92;190,03;491,16
24.01.05;1.027,07;900,77;491,85;256,06;187,55;490,56
17.01.05;1.026,21;899,68;485,28;253,27;169,95;494,66
10.01.05;1.015,24;901,38;479,92;244,70;170,92;496,16
03.01.05;1.018,75;909,06;485,75;244,07;172,84;501,75
